-- phpMyAdmin SQL Dump
-- version 5.1.1
-- https://www.phpmyadmin.net/
--
-- Host: 127.0.0.1
-- Generation Time: Feb 15, 2022 at 10:35 PM
-- Server version: 10.4.21-MariaDB
-- PHP Version: 8.0.12

SET SQL_MODE = "NO_AUTO_VALUE_ON_ZERO";
START TRANSACTION;
SET time_zone = "+00:00";


/*!40101 SET @OLD_CHARACTER_SET_CLIENT=@@CHARACTER_SET_CLIENT */;
/*!40101 SET @OLD_CHARACTER_SET_RESULTS=@@CHARACTER_SET_RESULTS */;
/*!40101 SET @OLD_COLLATION_CONNECTION=@@COLLATION_CONNECTION */;
/*!40101 SET NAMES utf8mb4 */;

--
-- Database: `hafuboard`
--

-- --------------------------------------------------------

--
-- Table structure for table `comments`
--

CREATE TABLE `comments` (
  `comment_id` int(11) NOT NULL,
  `user_id` int(11) NOT NULL,
  `user_name` varchar(100) NOT NULL,
  `comment` text NOT NULL,
  `topic_id` int(11) NOT NULL,
  `date` datetime NOT NULL DEFAULT current_timestamp()
) ENGINE=InnoDB DEFAULT CHARSET=utf8;

--
-- Dumping data for table `comments`
--

INSERT INTO `comments` (`comment_id`, `user_id`, `user_name`, `comment`, `topic_id`, `date`) VALUES
(1, 6, 'Admin', 'Hello', 9, '2022-01-26 20:13:44'),
(2, 6, 'Admin', 'I am admin ^^', 9, '2022-01-26 20:13:44'),
(3, 6, 'Admin', 'good moning', 9, '2022-01-26 20:13:44'),
(4, 6, 'Admin', 'haru', 9, '2022-01-26 20:13:44'),
(5, 6, 'Admin', 'I meet you', 9, '2022-01-26 20:13:44'),
(6, 6, 'Admin', 'good luck', 9, '2022-01-26 20:13:44'),
(7, 6, 'Admin', 'tora', 9, '2022-01-26 20:13:44'),
(8, 6, 'Admin', 'love cat', 9, '2022-01-26 20:13:44'),
(9, 7, 'Toru', 'hi', 9, '2022-01-26 20:13:44'),
(11, 6, 'Admin', 'Googbye', 9, '2022-01-26 20:14:11'),
(12, 6, 'Admin', 'hi', 9, '2022-01-26 20:18:44');

-- --------------------------------------------------------

--
-- Table structure for table `topic`
--

CREATE TABLE `topic` (
  `id` int(10) NOT NULL,
  `topic` varchar(500) NOT NULL,
  `content` longtext DEFAULT NULL,
  `user_id` int(11) NOT NULL,
  `author_name` varchar(100) NOT NULL,
  `datetime` datetime NOT NULL DEFAULT current_timestamp()
) ENGINE=InnoDB DEFAULT CHARSET=utf8;

--
-- Dumping data for table `topic`
--

INSERT INTO `topic` (`id`, `topic`, `content`, `user_id`, `author_name`, `datetime`) VALUES
(1, 'fof', 'df', 0, '', '2022-01-26 20:48:39'),
(3, 'tora', 'hafu', 0, '', '2022-01-26 20:48:39'),
(6, 'Panda', 'panda is bear', 6, '', '2022-01-26 20:48:39'),
(7, 'Haru Nice', 'cat is god of sleep', 6, '', '2022-01-26 20:48:39'),
(8, 'ราคาน้ำมันแพง', 'ต้นทุนการนำเข้าสูงขึ้นและภาษีที่เพิ่มขึ้นทำให้ราคาน้ำแพงขึ้นตาม', 6, '', '2022-01-26 20:48:39'),
(9, 'Covid19', '2019 -2022', 6, 'Admin', '2022-01-26 20:48:39'),
(10, 'ตึงเครียด! รัสเซียใกล้บุกยูเครน', 'โฆษกทำเนียบขาวสหรัฐฯ ออกแถลงข่าวเมื่อวันอังคาร (18 ม.ค.) ที่ผ่านมาตามเวลาท้องถิ่น ระบุถึงความเป็นไปได้ที่รัสเซียใกล้หรือเป็นไปได้ที่จะโจมตีประเทศเพื่อนบ้านอย่างยูเครน หรือแย่ที่สุด คือ \"ควบรวม\" ยึดยูเครนกลับสู่รัสเซียอีกครั้งหลังจาก \"ยุคโซเวียตล่มสลาย\" หลังจากล่าสุด รัสเซียประกาศซ้อมรบร่วมกันระหว่างกับเบลารุสในเดือนหน้าที่จะถึงนี้ ซึ่ง เบลารุส ถือเป็นรัฐเผด็จการพันธมิตรที่มีความใกล้ชิดกับรัสเซียที่สุดในภูมิภาค', 6, 'Admin', '2022-01-26 22:44:09'),
(11, 'รัสเซียขนกองเรือ 20 ลำ ซ้อมรบใหญ่-สหรัฐจ่อเคลื่อนทหาร 8,500 นาย ช่วยนาโต', 'รัสเซียขนกองเรือ 20 ลำ ออกมาซ้อมรบครั้งใหญ่ในทะเลบอลติก ขณะที่สหรัฐสั่งทหาร 5,800 นาย เตรียมเคลื่อนพลไปสนับสนุนนาโต หากเกิดการบุกรุกยูเครน\n\nเมื่อวานนี้ (24 ม.ค.) เขตทหารภาคตะวันตกของรัสเซียเปิดเผยว่า กองเรือรบและเรือสนับสนุนของประเทศรวม 20 ลำ ได้เข้าสู่พื้นที่ที่กำหนดในทะเลบอลติกเพื่อทำการซ้อมรบแล้ว\n\nสำนักข่าวซินหัวรายงานว่า กองเรือบอลติกของรัสเซีย ซึ่งจัดเป็นกลุ่มทางยุทธวิธี จะปฏิบัติภารกิจต่อต้านเรือดำน้ำ ป้องกันภัยทางอากาศ และกู้ทุ่นระเบิด\n\nการฝึกซ้อมครั้งนี้มีขึ้น ขณะองค์การสนธิสัญญาป้องกันแอตแลนติกเหนือ หรือ นาโต (NATO) วางกำลังพลเพื่อเตรียมพร้อม และส่งเรือกับเครื่องบินรบเพิ่มเติมไปยังยุโรปตะวันออกในช่วงที่ความตึงเครียดภายในและรอบยูเครนเพิ่มสูงขึ้น\n\nทางด้านนายดมิทรี เพสคอฟ โฆษกทำเนียบเครมลินของรัสเซียระบุว่า เป็นไปไม่ได้ที่กองทัพรัสเซียจะเพิกเฉยต่อการเพิ่มกิจกรรมทางทหารของนาโตในยุโรปตะวันออก\n\nขณะที่สำนักข่าวรอยเตอร์ส รายงานว่า เมื่อวานนี้ (24 ม.ค.) กองทัพสหรัฐแจ้งเตือนกองทหารประมาณ 8,500 นาย ให้เตรียมพร้อมเคลื่อนกำลังพลไปยังยุโรปในเร็วๆ นี้หากจำเป็น เพื่อสร้างความมั่นใจให้กับพันธมิตรองค์การสนธิสัญญาป้องกันแอตแลนติกเหนือ หรือ นาโต (NATO) ที่เตรียมเผชิญหน้ากับกองทัพรัสเซียนับ 100,000 ราย ที่สั่งสมกำลังตามแนวชายแดนติดกับยูเครน', 6, 'Admin', '2022-01-26 22:51:33'),
(12, 'ไต้หวัน ระทึก! จีนส่งเครื่องบินรบเกือบ 40 ลำ ล้ำเข้าน่านฟ้า รีบส่งฝูงบินขึ้นประกบ', 'กระทรวงกลาโหมไต้หวันเปิดเผยว่า จีนส่งเครื่องบินทหารจำนวน 39 ลำได้บินเข้าสู่เขตของไต้หวันเมื่อวันอาทิตย์ (23 ม.ค.) ซึ่งถือเป็นการบุกรุกครั้งใหญ่ที่สุดนับตั้งแต่เดือน ต.ค. 2564 จนทำให้กองทัพไต้หวันต้องส่งฝูงเครื่องบินขึ้นไปขับไล่\nในช่วงกว่า 1 ปีที่ผ่านมา ไต้หวันได้แสดงความไม่พอใจกองทัพจีนที่รุกล้ำน่านฟ้าใกล้เขตแสดงตนเพื่อป้องกันภัยทางอากาศ (ADIZ) ซึ่งอยู่เหนือน่านน้ำทางตะวันตกเฉียงใต้ของไต้หวัน โดยไต้หวันเรียกการกระทำดังกล่าวของจีนว่า “ยุทธการเขตสีเทา” ซึ่งมีเป้าหมายเพื่อให้กองทัพของไต้หวันอ่อนแรงลง ด้วยการส่งเครื่องบินตามประกบ รวมถึงทดสอบการตอบโต้ของไต้หวันเช่นกัน\nสำนักข่าวซินหัว รายงานว่า ปฏิบัติการทางอากาศล่าสุดของจีนประกอบด้วยเครื่องบินขับไล่ 34 ลำ เครื่องบินสงครามอิเล็กทรอนิกส์ (Electronic Warfare Aircraft) จำนวน 4 ลำ และเครื่องบินทิ้งระเบิด 1 ลำ โดยเครื่องบินเหล่านี้บินเข้ามายังฝั่งตะวันออกเฉียงเหนือของหมู่เกาะปราตัส', 6, 'Admin', '2022-01-26 23:23:32'),
(13, 'ก.ล.ต.-ธปท.-คลัง ร่วมกันกำหนดเกณฑ์ห้ามใช้คริปโตเคอร์เรนซี่ชำระสินค้า-บริการ', 'ธนาคารแห่งประเทศไทย (ธปท.) สำนักงานคณะกรรมการกำกับหลักทรัพย์และตลาดหลักทรัพย์ (ก.ล.ต.) และกระทรวงการคลัง (กค.) ได้หารือร่วมกันถึงประโยชน์และความเสี่ยงของสินทรัพย์ดิจิทัล และเห็นความจำเป็นในการกำกับดูแลและควบคุมการนำสินทรัพย์ดิจิทัลมาใช้เป็นสื่อกลางในการชำระค่าสินค้าและบริการ (Means of Payment) เพื่อป้องกันไม่ให้เกิดผลกระทบต่อเสถียรภาพทางการเงินและระบบเศรษฐกิจของประเทศ\nปัจจุบัน ผู้ประกอบธุรกิจสินทรัพย์ดิจิทัลได้ขยายขอบเขตการประกอบธุรกิจในลักษณะให้บริการ ชักชวนหรือแสดงตน ว่าพร้อมจะให้บริการแก่ร้านค้าและผู้ประกอบการในธุรกิจต่าง ๆ เพื่ออำนวยความสะดวกในการรับชำระค่าสินค้าและบริการด้วยสินทรัพย์ดิจิทัล เช่น จัดทำระบบและโฆษณาเชิญชวนร้านค้า ซึ่งการที่ผู้ประกอบธุรกิจสินทรัพย์ดิจิทัลเข้ามามีบทบาทในลักษณะดังกล่าว อาจส่งผลให้เกิดการนำสินทรัพย์ดิจิทัลมาใช้เป็นสื่อกลางในการชำระค่าสินค้าและบริการเป็นวงกว้าง นอกเหนือไปจากวัตถุประสงค์เพื่อการลงทุน ซึ่งจะส่งผลกระทบต่อเสถียรภาพระบบการเงินและระบบเศรษฐกิจโดยรวม รวมถึงเป็นความเสี่ยงต่อประชาชนและธุรกิจ อาทิ ความเสี่ยงจากการสูญมูลค่าที่เกิดจากความผันผวนของราคา ความเสี่ยงจากการถูกโจรกรรมทางไซเบอร์ ความเสี่ยงข้อมูลส่วนบุคคลรั่วไหล หรือการถูกใช้เป็นเครื่องมือของการฟอกเงิน\nหน่วยงานกำกับดูแลต่างตระหนักถึงความเสี่ยงและผลกระทบดังกล่าว จึงพิจารณาใช้อำนาจตามกรอบกฎหมายที่เกี่ยวข้อง เพื่อควบคุมไม่ให้เกิดการนำสินทรัพย์ดิจิทัลมาใช้เป็นสื่อกลางในการชำระค่าสินค้าหรือบริการในวงกว้าง และจะมีแนวทางกำกับดูแลที่เหมาะสม สำหรับบริการที่เกี่ยวกับสินทรัพย์ดิจิทัลบางประเภทที่เป็นประโยชน์ต่อนวัตกรรมทางการเงินและไม่สร้างความเสี่ยงเชิงระบบที่กล่าวถึงข้างต้น โดยคำนึงถึงทั้งการเพิ่มศักยภาพของระบบการเงินของประเทศ และประโยชน์ของผู้ใช้บริการเป็นสำคัญ ทั้งนี้ หน่วยงานกำกับดูแลจะรับฟังความคิดเห็นจากผู้เกี่ยวข้องและประชาชนต่อไป', 6, 'Admin', '2022-01-26 23:27:57');

-- --------------------------------------------------------

--
-- Table structure for table `users`
--

CREATE TABLE `users` (
  `id` int(10) NOT NULL,
  `name` varchar(100) NOT NULL,
  `email` varchar(150) NOT NULL,
  `password` varchar(255) NOT NULL,
  `status` varchar(50) DEFAULT NULL
) ENGINE=InnoDB DEFAULT CHARSET=utf8;

--
-- Dumping data for table `users`
--

INSERT INTO `users` (`id`, `name`, `email`, `password`, `status`) VALUES
(6, 'Admin', 'admin@bru.ac.th', '$2b$10$EeV7He1T/MWv900bwnptPOhKCLGslgA22nSF8L92n.9aBG20IUf3W', 'admin'),
(7, 'Toru', 'Toru@bru.ac.th', '$2b$10$q9FEWFZiccTfaOZLNeeore3nPaGMPFnuUWVP5ogzL8l8kTUTENi.C', NULL),
(8, 'Tora', 'Tora@bru.ac.th', '$2b$10$/6Q223HN7V.zRFW1JV72t.TURKOQquVmP/ir2Ote3pUwmdOthC9H.', NULL),
(9, 'it', 'it@bru.ac.th', '$2b$10$ECwogAE69ojAq7LvkEZ4FOhDfddtYcBzQhmAfJAM/Jl9IoVPSoK3G', NULL),
(10, 'it2', 'it2@bru.ac.th', '$2b$10$zwur8h771GyFpBpbPvUiienOdwZicJsAGA4hdri/w0rZlblfQFkO2', NULL);

--
-- Indexes for dumped tables
--

--
-- Indexes for table `comments`
--
ALTER TABLE `comments`
  ADD PRIMARY KEY (`comment_id`);

--
-- Indexes for table `topic`
--
ALTER TABLE `topic`
  ADD PRIMARY KEY (`id`);

--
-- Indexes for table `users`
--
ALTER TABLE `users`
  ADD PRIMARY KEY (`id`),
  ADD UNIQUE KEY `email` (`email`);

--
-- AUTO_INCREMENT for dumped tables
--

--
-- AUTO_INCREMENT for table `comments`
--
ALTER TABLE `comments`
  MODIFY `comment_id` int(11) NOT NULL AUTO_INCREMENT, AUTO_INCREMENT=13;

--
-- AUTO_INCREMENT for table `topic`
--
ALTER TABLE `topic`
  MODIFY `id` int(10) NOT NULL AUTO_INCREMENT, AUTO_INCREMENT=17;

--
-- AUTO_INCREMENT for table `users`
--
ALTER TABLE `users`
  MODIFY `id` int(10) NOT NULL AUTO_INCREMENT, AUTO_INCREMENT=11;
COMMIT;

/*!40101 SET CHARACTER_SET_CLIENT=@OLD_CHARACTER_SET_CLIENT */;
/*!40101 SET CHARACTER_SET_RESULTS=@OLD_CHARACTER_SET_RESULTS */;
/*!40101 SET COLLATION_CONNECTION=@OLD_COLLATION_CONNECTION */;
